metric,value
accuracy,0.6080691642651297
macro_f1,0.2942494749859037
