metric,value
accuracy,0.07652987760979121
macro_f1,0.0517916245061667
