metric,value
accuracy,0.5238095238095238
macro_f1,0.3213686475853218
